Status,Project Name,Project Type,URL,Launch Date,Home Department,Nested Department,Top Level School or Major Office,Client/PI,Client Catergory,UConn Affiliation,Lane,Grant Y/N, Grant Value ,Sponsor,i3 Primary,Project Contact Email,Current i3 Staffing ,i3 Staffing History,Cycle Out,Cycle In,App Profile Document Link
1 - being built,Academic Standing Website,website,,,Undergraduate Advising,,Undergraduate Advising,Erin Ciaramboli,Administrative Department,Internal,Internal,N,,,Sue,,Joel S.,Sue S.,,,
1 - being built,"Center for Excellence in Developmental Disabilities Education, Research and Service? (UCEDD) Website Redesign",website,,,UConn Center for Excellence in Developmental Disabilities,,UConn Health,Mary Beth Bruder,,Internal,Core,y," $10,000,000.00 ",,Phoebe,,"Joel S., Phoebe L.","Lauren B., Brian D., Brian K., Kailey M., Quynh N., Joel S.",,,
1 - being built,Early Childhood Intervention Personnel Center (ECIPC) Website Redesign,website,,,Early Childhood Intervention Personnel Center,Center for Excellence in Developmental Disabilities,UConn Health,Mary Beth Bruder,,Internal,Core,y,,,Phoebe,,"Joel S., Phoebe L.",Joel S.,,,
1 - being built,Early College Experience Website,website,,,UConn Early College Experience,Office of Early College Experience Programs,Institute for Student Success,Chris Todd,Fee-based Program,Internal,Internal,N,,,Sue,,Sue S.,Sue S.,,,
1 - being built,Equitable Teaching Lab Website,website,,,Equitable Teaching Lab,,Neag School of Education,Milagros Castillo-Montoya,,Internal,Internal,N,,,Sue,,Sue S.,Sue S.,,,
1 - being built,Summer Session Website,website,https://summersession.uconn.edu/,,Office of Summer and Winter Programs,,Office of Summer and Winter Programs,Mick Pigot,Fee-based Program,Internal,Internal,N,,,Sue,,Sue S.,Sue S.,,,
1 - being built,UCHI Essay Collection,website,,,UConn Humanities Institute,,UConn Humanities Institute,Anna Mae Duane,,Internal,Core,Y,,,Sara,,"Natalie L., Joel S., Sara S.","Brooke G., Natalie L. Joel S., Sara S.",,,
1 - being built,Undergraduate Advising Website,website,,,Undergraduate Advising,,Undergraduate Advising,Erin Ciaramboli,Administrative Department,Internal,Internal,N,,,Sue,,Sue S.,Sue S.,,,
1 - being built,Well-Being Collective Website,website,,,Well-being Collective,,Well-Being Collective,Kathryn Roy,,Internal,Core,,,,Brooke,,"Brooke G., Phoebe L.","Brooke G., Phoebe L.",,,
1 - being built,Effort Reporting & Commitments (ERC),webapp,,,Office of the Vice President for Research,,Office of the Vice President for Research,Jen Lamontagne,,Internal,Internal,,,,BK,,Brian K.,Brian K.,,,
1 - being built,Faculty Workload,webapp,,,Office of the Provost,,Office of the Provost,Lindsay DiStefano,,Internal,Internal,,,,BK,,Brian K.,Brian K.,,,
1 - being built,Fudeko,webapp,,,History,,College of Liberal Arts and Sciences,Hana Maruyama,,Internal,Core,y," $395,593.00 ",DOI/National Park Service; Institute of Museum and Library Services (IMLS),Brooke,,"Brooke G., Jay K., Joel S.","Lauren B., Sam C., Brooke G., Brian K., Jay K., Tom L., Zoe O., Joel S.",,,
1 - being built,Minor Protection Compliance Tool,webapp,,,Office of University Compliance,,Office of the President,Kayla Hogrefe,,Internal,Internal,,,,Joel,,"Brooke G., Joel S., Sara S.","Brooke G., Joel S., Sara S.",,,MPP Application Profile.docx
1 - being built,Nexus 5.0,webapp,,,Office of the Provost,,Office of the Provost,Taddaryl Starke,,Internal,Internal,,,,Joel,,"Brooke G., Brian K., Natalie L., Joel S., Sara S., Jeff W.","Brooke G., Brian K., Natalie L., Joel S., Sara S., Jeff W.",,,
1 - being built,QKit,webapp,,,Office of the Vice President for Research,,Office of the Vice President for Research,Jen Lamontagne,,Internal,Internal,N,,,BK,,"Brian K., Jay K.","Brian K., Jay K.",,,
1 - being built,Rodent Open Science Skeletal Archive (ROSSA),webapp,https://rossa.uchc.edu/,,Center for Regenerative Medicine and Skeletal Development,,School of Dental Medicine,Peter Maye,,Internal,Core,Y," $900,000.00 ",,BK,,"Brian K., Aaron M., Will S.","Brian K., Aaron M., Will S.",,,
1 - being built,School of Social Work Innovations Institute Project Management Tool,webapp,,,School of Social Work Innovations Institute,,School of Social Work,Nic Handley,,Internal,Core,y,,,Joel,,Will S.,"Sam C., Joel S., Will S.",,,
1 - being built,Sourcery,webapp,https://sourceryapp.org/,,Digital Scholar,,Digital Scholar,Tom Scheinfeldt,,Internal,Core,Y," $2,160,192.00 ","Mellon, Digital Scholar",Sara,,"Amanda B., Brian D., Maggie D., Mohammad E.,  Zoe E., Isabel J., Brian K., Natalie L., Hannah M., Tom S., Sara S., Will S.","Casper A., Amanda B., Brian D., Lauren C., Maggie D., Emmet D., Mohammad E., Zoe E., Brooke G., Wes H., Lauren H., Isabel J., Brian K., Jay K., Natalie L., Eri L., Shunyi L., Wenchao L., Elijah M., Hannah M., Quincy M., Raven M., Tim M., Alex M., Jailyn M., Lily P., Tom S., Sara S., Priyanshi S., Ezra V., Carly W., Samson W., Will S.",,,
1 - being built,Student Activities Organization Compliance Database,webapp,,,Student Activities,,Student Activities,Krista O'Brien,,Internal,Internal,,,,Brian Daley,,Jay K.,"Brian D., Joel S., Jay K.",,,https://uconn-my.sharepoint.com/:w:/r/personal/james_kittler_uconn_edu/_layouts/15/Doc.aspx?sourcedoc=%7B457f99e6-fd41-43fb-9b7f-dba0e1b643ca%7D&action=edit&wdPreviousSession=251e05f9-6fe4-a18d-dd1e-7a84d31e63f5
1 - being built,US Animal Vaccine Research Coordination Network (USAVRCN) Member Database,webapp,,,Pathobiology and Veterinary Science,,"College of Agriculture, Health and Natural Resources",Edan Tulman,,Internal,Core,Y,,,Natalie,,"Aaron M., Natalie L., Joel S.","Aaron M., Natalie L., Joel S.",,,
1 - being built,Beyond Nuremberg,other,https://i3.uconn.edu/beyond-nuremberg,,Digital Media & Design,,School of Fine Arts,Clarissa Ceglio,,Internal,Core,Y,,,Sara,,"Clarissa C., Sara S.","Clarissa C., Brian D., Brooke G., Yuna K., Tom L., Joel S., Sara S.",,,
1 - being built,CLEAR Riparian Barrier Plants,other,,EoSummer 26,Center for Land Use Education and Research,,"College of Agriculture, Health and Natural Resources",Mari Cullerton,Center/Institute,Internal,Core,,,,Natalie,,"Brooke G., Joel S., Natalie L., Sara S.","Brooke G., Joel S., Sara S.",,,
1 - being built,Early College Experience 70th Anniversary Brochure,graphic design,,,UConn Early College Experience,Office of Early College Experience Programs,Institute for Student Success,Chris Todd,Fee-based Program,Internal,Internal,N,,,Sue,,Sue S.,Sue S.,,,
1 - being built,Early College Experience Policy and Procedure Guide,graphic design,,,UConn Early College Experience,Office of Early College Experience Programs,Institute for Student Success,Chris Todd,Fee-based Program,Internal,Internal,N,,,Sue,,Sue S.,Sue S.,,,
1 - being built,1909 Survey of Puerto Rican Elites,,,,Puerto Rican Studies Initiative for Civic Engagement and Public Policy,,College of Liberal Arts and Sciences,Rob Venator Santiago,,Internal,Core,y,,,Natalie,,Natalie L.,"Kelis C., Brian K., Natalie L., Quynh N., Joel S., Haydn K.",,,
1 - being built,Advancing Research Methods and Scholarshipin Gun Injury Prevention (ARMS) First Step Firearm Storage Matching Tool,,,,Center for Advancing Research Methods and Scholarshipin Gun Injury Prevention,Public Policy,College of Liberal Arts and Sciences,Jennifer Dineen,,Internal,Core,y,,,Natalie,,Natalie L.,Natalie L.,,,
1 - being built,BrainLENS,,,,Laboratory for Learning Engineering and Neural Systems (BrianLENS),Psychological Sciences,College of Liberal Arts and Sciences,Fumiko Hoeft,,Internal,Core,y,,,Natalie,,Natalie L.,Natalie L.,,,
2 - discovery phase,Graduate School Website,website,,,Graduate School,,The Graduate School,Leslie Shor,Schools/Colleges or Academic Department,Internal,Internal,N,,,Sue,,Sue S.,Sue S.,,,
2 - discovery phase,OVPR Website Phase II,website,,,Office of the Vice President for Research,,Office of the Vice President for Research,Melanie Noble,,Internal,Internal,,,,Natalie,,Natalie L.,Natalie L.,,,
2 - discovery phase,NEAR,webapp,https://lincus.uconn.edu/,,Office of the Provost,,Office of the Provost,Dan Schwartz,,Internal,Internal,N,,,Joel,,"Maggie D., Brooke G., Brian K.,  Joel S.","Ryan C., Maggie D., Brooke G., Brian K.,  Joel S., Dan S.",,,
2 - discovery phase,Outside Counsel Tracking Tool,webapp,,,,,Office of the General Counsel,Gail Metsack,,Internal,Internal,N,,,Brooke,,"Brooke G., Joel S.","Brooke G., Joel S.",,,
2 - discovery phase,Registrar Hacklog,webapp,,,Office of the Registrar,,Office of the Registrar,Marshall Bradway,,Internal,Internal,N,,,Joel,,Joel S.,Joel S.,,,
2 - discovery phase,UG Research Grant Application Review Portal,webapp,,Summer 28,,,Office of Undergraduate Research,Micah Heumann,,Internal,Internal,N,,,Brooke,,,,,,
2 - discovery phase,WATER,webapp,,,Kanadia Lab,Physiology and Neurobiology,College of Liberal Arts and Sciences,Rahul Kanadia,Schools/Colleges or Academic Department,Internal,Core,,,,Joel,,"Brooke G., Joel S.","Brooke G., Joel S.",,,
2 - discovery phase,Center for Well-being Incubation,program,,,Well-being Collective,,Well-Being Collective,Kathryn Roy,,Internal,Internal,N,,,Brooke,,"Brooke G., Sara S.","Brooke G., Sara S.",,,
2 - discovery phase,CCRLS Career Training CMS,other,,,Center for Career Readiness and Life Skills,,Center for Career Readiness and Life Skills,Amelinda Rossitto,,Internal,Internal,N,,,Joel,,"Brooke G., Joel S., Sara S.","Brooke G., Joel S., Sara S.",,,
2 - discovery phase,CGI Laboratory Information Management System (LIMS),,,,Center for Genome Innovation,,Institute for Systems Genomics,Rachel O'Neill,,Internal,Core,,,,Joel,,Joel S.,Joel S.,,,
2 - discovery phase,Ecoregions,,,,Connecticut State Museum of Natural History,,Connecticut State Museum of Natural History,Janine Caira,,Internal,Core,,,,Joel,,"Brian K., Natalie L., Joel S.","Brian D., Luna G., Brian K., Natalie L., Joel S.",,,
2 - discovery phase,Iglesias Foundation Oral Histories,,,,Puerto Rican Studies Initiative for Civic Engagement and Public Policy,,College of Liberal Arts and Sciences,Rob Venator Santiago,,Internal,Core,y,,,Natalie,,Natalie L.,Natalie L.,,,
2 - discovery phase,Responsible Conduct of Research,,,,Office of the Vice President for Research,,Office of the Vice President for Research,Jen Lamontagne,,Internal,Internal,,,,BK,,Brian K.,Brian K.,,,
2 - discovery phase,Rudd Center Hacklog,,,,Rudd Center for Food Policy and Health,,Rudd Center for Food Policy and Health,Marlene Schwartz,,Internal,Core,,,,Joel,,Joel S.,Joel S.,,,
3 - pending approval,Assessment Website,website,,,,,Office of the Provost,Lauren Schlesselman,Administrative Department,Internal,Internal,N,,,Sue,,Sue S.,Sue S.,,,
3 - pending approval,Bachelor of General Studies Website Redesign,website,,,Office of Advising,,Office of the Provost,Jim Hill,Schools/Colleges or Academic Department,Internal,Internal,N,,,Sue,,Sue S.,Sue S.,,,
3 - pending approval,CETL Website,website,,,CETL,,Office of the Provost,Desmond McCaffrey,Center/Institute,Internal,Internal,N,,,Sue,,Sue S.,Sue S.,,,
3 - pending approval,Ed Tech Website,website,,,CETL,,Office of the Provost,Dan Fecchinetti,Administrative Department,Internal,Internal,N,,,Sue,,Sue S.,Sue S.,,,
3 - pending approval,School of Business Website,website,,,School of Business,,School of Business,Greg Reilly/Bill Eyre,Schools/Colleges or Academic Department,Internal,Internal,N,,,Sue,,Sue S.,Sue S.,,,
3 - pending approval,Seaweed-Based Biosystems Website,website,,,Nutritional Sciences,,"College of Agriculture, Health and Natural Resources",Mingyu Qiao,,Internal,Core,Y,,,Sara,,"Joel S., Sara S.","Joel S., Sara S.",,,
3 - pending approval,Lifestyle Intervention App,webapp,,,"College of Agriculture, Health and Natural Resources",,"College of Agriculture, Health and Natural Resources",Loneke Blackman Carr,,Internal,Core,Y,,,Sara,,"Brooke G., Joel S., Sara S.","Brooke G., Joel S., Sara S.",,,
3 - pending approval,Historical Index of American Clothing,,,,Institutional Insights & Innovation,,Office of the Provost,Tom Scheinfeldt,,Internal,Core,Y,,,Sara,,"Clarissa C., Brooke G., Brian K., Natalie L., Joel S., Tom S., Sara S.","Clarissa C., Brooke G., Brian K., Natalie L., Joel S., Tom S., Sara S.",,,
3 - pending approval,Microcredentials Badging,,,,Office of the Provost,,Office of the Provost,Sarah Croucher,,Internal,Internal,N,,,Joel,,"Natalie L., Joel S.","Natalie L., Joel S.",,,
3 - pending approval,Organic Broiler & Turkey Systems Decision Tool,,,,Animal Science,,"College of Agriculture, Health and Natural Resources",Mary Anne Roshni Amalaradjou,,Internal,Core,Y,,,Joel,,Joel S.,Joel S.,,,
3 - pending approval,SOGIE AI,,,,National SOGIE Center,,National SOGIE Center,Angela Weeks,,Internal,Core,Y,,,BK,,Brian K.,Brian K.,,,
4- ongoing,Accelerated Degree Programs Website,website,https://accelerated.programs.uconn.edu/,,Graduate School,,The Graduate School,Leslie Shor,Schools/Colleges or Academic Department,Internal,Internal,N,,,Sue,,Sue S.,Sue S.,,,
4- ongoing,Bachelor of General Studies Website,website,https://bgs.uconn.edu/,,Undergraduate Advising,,Undergraduate Advising,Jim Hill,Schools/Colleges or Academic Department,Internal,Internal,N,,,Sue,,Sue S.,Sue S.,,,
4- ongoing,IMRP Website Maintenance,website,https://imrp.dpp.uconn.edu/,,Institute for Municipal and Regional Policy,School of Public Policy,College of Liberal Arts and Sciences,Valerie Gordon,,Internal,Core,,,,Natalie,,"Natalie L., Kailey M.","Natalie L., Kailey M.",,,
4- ongoing,Puerto Rican Studies Initiative Legislative Reports,website,https://archive.puerto-rican-studies-initiative.clas.uconn.edu/data-reports/,,Puerto Rican Studies Initiative for Civic Engagement and Public Policy,,College of Liberal Arts and Sciences,Rob Venator Santiago,,Internal,Core,Y,,,Natalie,,Natalie L.,"Natalie L., Emelia S.",,,
4- ongoing,Hacklog,webapp,https://hacklog.dev.i3.uconn.edu/,,Institutional Insights & Innovation,,Office of the Provost,Joel Salisbury,,Internal,Internal,N,,,Joel,,"Casper A., Aaron M., Joel S.","Casper A., Aaron M., Joel S.",,,
4- ongoing,Healing Hearts,webapp,https://healinghearts.app/login,,Human Development & Family Sciences,,College of Liberal Arts and Sciences,Na Zhang,,Internal,Core,y,,,Natalie,,Natalie L.,"Natalie L., Will S.",,,
4- ongoing,Honeycrisp,webapp,https://honeycrisp.core.uconn.edu,,Office of the Vice President for Research,,Office of the Vice President for Research,Deanna Thibodeau,,Internal,Internal,,,,Joel,,"Jay K., Joel S.","Jay K., Joel S.",,,Link
4- ongoing,Proteome-X,webapp,https://proteome-x.com/,,Physiology and Neurobiology,,College of Liberal Arts and Sciences,Dan Schwartz,,Internal,Core,,,,BK,,"Brian K., Jay K.","Brian K., Jay K., Quincy M.",,,
4- ongoing,WellSCAN,webapp,https://wellscan.io/,,Rudd Center for Food Policy and Health,,Rudd Center for Food Policy and Health,Marlene Schwartz,,Internal,Core,Y,,,BK,,"Casper A., Brian K., Soonwoo K., Aaron M., Krish S.","Casper A., Brian K., Soonwoo K., Aaron M., Krish S., Parker S.",,,
4- ongoing,Design Thinking Programming,program,https://i3.uconn.edu/blog/uconn-brewing-innovation-takes-flight,,Institutional Insights & Innovation,,Office of the Provost,Sara Sikes,,Internal,Internal,N,,,Sara,,"Brooke G., Sara S.","Kate C., Brooke G., Sara S.",,,
4- ongoing,Life Design Workshops,program,,,Institutional Insights & Innovation,,Office of the Provost,Brooke Gemmell,,Internal,Internal,N,,,Brooke,,Brooke G.,Brooke G.,,,
4- ongoing,Early College Experience Magazine,graphic design,https://magazine.ece.uconn.edu/,,UConn Early College Experience,Office of Early College Experience Programs,Institute for Student Success,Chris Todd,Fee-based Program,Internal,Internal,N,,,Sue,,Sue S.,Sue S.,,,
4- ongoing,Early College Experience Posters,graphic design,,,UConn Early College Experience,Office of Early College Experience Programs,Institute for Student Success,Jessica Dunn,Fee-based Program,Internal,Internal,N,,,Sue,,Sue S.,Sue S.,,,
4- ongoing,Early College Experience Student Guide,graphic design,https://ece.uconn.edu/students-parents/student-guide/,,UConn Early College Experience,Office of Early College Experience Programs,Institute for Student Success,Jessica Dunn,Fee-based Program,Internal,Internal,N,,,Sue,,Sue S.,Sue S.,,,
4- ongoing,ECE laptop stickers,graphic design,,,UConn Early College Experience,Office of Early College Experience Programs,Institute for Student Success,Chris Todd,Fee-based Program,Internal,Internal,N,,,Sue,,Sue S.,Sue S.,,,
4- ongoing,Pre-College Summer Annual Report,graphic design,,,Office of Early College Experience,Pre-College Summer,Institute for Student Success,Bobbi-Jo Wathen,Fee-based Program,Internal,Internal,N,,,Sue,,Sue S.,Sue S.,,,
4- ongoing,Pre-College Summer Postcards and Posters,graphic design,,,Office of Early College Programs,Pre-College Summer,Institute for Student Success,Bobbi-Jo Wathen,Fee-based Program,Internal,Internal,N,,,Sue,,Sue S.,Sue S.,,,
4- ongoing,Pre-College Summer Social Media & Digital Marketing,graphic design,,,Office of Early College Programs,Pre-College Summer,Institute for Student Success,Bobbi-Jo Wathen,Fee-based Program,Internal,Internal,N,,,Sue,,Sue S.,Sue S.,,,
4- ongoing,Summer and Winter Program Social Media & Digital Marketing,graphic design,,,Office of Summer and Winter Programs,,Office of Summer and Winter Programs,Mick Pigot,Fee-based Program,Internal,Internal,N,,,Sue,,Sue S.,Sue S.,,,
4- ongoing,Summer Session Promotional Materials,graphic design,,,Office of Summer and Winter Programs,,Office of Summer and Winter Programs,Mick Pigot,Fee-based Program,Internal,Internal,N,,,Sue,,Sue S.,Sue S.,,,
4- ongoing,Winter Session Promotional Materials,graphic design,,,Office of Summer and Winter Programs,,Office of Summer and Winter Programs,Mick Pigot,Fee-based Program,Internal,Internal,N,,,Sue,,Sue S.,Sue S.,,,
5 - maintenance,Adult Gerontology Acute Care Nurse Practitioner Master's Degree Website,website,https://acutecare-nursing.online.uconn.edu/,,Elisabeth DeLuca School of Nursing,,Elisabeth DeLuca School of Nursing,Kristin Bott,Fee-based Program,Internal,Internal,N,,,Sue,,Sue S.,Sue S.,,,
5 - maintenance,Center for Excellence in Teaching and Learning Website,website,https://cetl.uconn.edu/,,Center for Excellence in Teaching and Learning,,Center for Excellence in Teaching and Learning,Desmond McCaffrey,Center/Institute,Internal,Internal,N,,,Sue,,Sue S.,Sue S.,,,
5 - maintenance,Educating Bilingual Learners Online Graduate Certificate Website,website,https://bilinguallearners.online.uconn.edu/,,Neag School of Education,,Neag School of Education,Elizabeth Howard,Fee-based Program,Internal,Internal,N,,,Sue,,Sue S.,Sue S.,,,
5 - maintenance,Emerging Women's Leadership Online Graduate Certificate Website,website,https://womensleadership.education.uconn.edu/,,Educational Leadership,,Neag School of Education,Laura Burton,Fee-based Program,Internal,Internal,N,,,Sue,,Sue S.,Sue S.,,,
5 - maintenance,Exercise Prescription Online Graduate Programs Website,website,https://exerciseprescription.online.uconn.edu/,,Kinesiology,,"College of Agriculture, Health and Natural Resources",Linda Pescatello,Fee-based Program,Internal,Internal,N,,,Sue,,Sue S.,Sue S.,,,
5 - maintenance,Family Nurse Practitioner (FNP) Online Degree Program Website,website,https://family-nurse-practitioner.online.uconn.edu/,,Elisabeth DeLuca School of Nursing,,Elisabeth DeLuca School of Nursing,Brenda Mc Neill,Fee-based Program,Internal,Internal,N,,,Sue,,Sue S.,Sue S.,,,
5 - maintenance,Farm Risk Management Online Course Modules Website,website,https://online.uconn.edu/non-credit-programs/farm-risk-management/,,UConn Online,,UConn Online,Ruth Kustoff,Fee-based Program,Internal,Internal,N,,,Sue,,Sue S.,Sue S.,,,
5 - maintenance,Genomics Data Analysis Online Certificate & Courses Website,website,https://online.uconn.edu/graduate-programs/genomics-data-analysis/,,Institute for Systems Genomics,,Institute for Systems Genomics,Noah Reid,Schools/Colleges or Academic Department,Internal,Internal,N,,,Sue,,Sue S.,Sue S.,,,
5 - maintenance,Graduate Programs in Financial Technology (FinTech) Website,website,https://fintech.business.uconn.edu/,,School of Business,,School of Business,Bill Eyre,Schools/Colleges or Academic Department,Internal,Internal,N,,,Sue,,Sue S.,Sue S.,,,
5 - maintenance,Graduate Programs in Human Resource Management Website,website,https://hrm.business.uconn.edu/,,School of Business,,School of Business,Bill Eyre,Schools/Colleges or Academic Department,Internal,Internal,N,,,Sue,,Sue S.,Sue S.,,,
5 - maintenance,Graduate Programs in Social Responsibility & Impact in Business,website,https://socialimpact.business.uconn.edu/,,School of Business,,School of Business,Bill Eyre,Schools/Colleges or Academic Department,Internal,Internal,N,,,Sue,,Sue S.,Sue S.,,,
5 - maintenance,Healthcare Innovation Online Graduate Certificate Website,website,https://healthcareinnovation.online.uconn.edu/,,Elisabeth DeLuca School of Nursing,,Elisabeth DeLuca School of Nursing,Tiffany Kelley,Fee-based Program,Internal,Internal,N,,,Sue,,Sue S.,Sue S.,,,
5 - maintenance,Holistic Nursing Online Graduate Certificate Website,website,https://holistic.nursing.uconn.edu/,,Elisabeth DeLuca School of Nursing,,Elisabeth DeLuca School of Nursing,Cathy Alvarez,Fee-based Program,Internal,Internal,N,,,Sue,,Sue S.,Sue S.,,,
5 - maintenance,Master of Science in Data Science Website,website,https://masters.datascience.uconn.edu/,,Master of Science in Data Science,,The Graduate School,Jeremy Teitelbaum/Jessica Goldfarb,Schools/Colleges or Academic Department,Internal,Internal,N,,,Sue,,Sue S.,Sue S.,,,
5 - maintenance,MBA Programs Website,website,https://mba.business.uconn.edu/,,School of Business,,School of Business,Bill Eyre,Schools/Colleges or Academic Department,Internal,Internal,N,,,Sue,,Sue S.,Sue S.,,,
5 - maintenance,Neonatal Nurse Practitioner Online Program Website,website,https://neonatal-nursing.online.uconn.edu/,,Elisabeth DeLuca School of Nursing,,Elisabeth DeLuca School of Nursing,Valarie Artigas,Fee-based Program,Internal,Internal,N,,,Sue,,Sue S.,Sue S.,,,
5 - maintenance,Online Master of Energy and Environmental Management Website,website,https://meem.uconn.edu/,,Natural Resources and the Environment,,College of Agriculture and Natural Resources,Chad Rittenhouse,Fee-based Program,Internal,Internal,N,,,Sue,,Sue S.,Sue S.,,,
5 - maintenance,Online Master of Social Work Website,website,https://onlinemsw.socialwork.uconn.edu/,,School of Social Work,,School of Social Work,Laura Curran,Schools/Colleges or Academic Department,Internal,Internal,N,,,Sue,,Sue S.,Sue S.,,,
5 - maintenance,"Online Master's Degree in Research Methods, Measurement, and Evaluation Website",website,https://researchmethodsmasters.online.uconn.edu/,,Neag School of Education,,Neag School of Education,Bianca Montrosse-Moorhead,Fee-based Program,Internal,Internal,N,,,Sue,,Sue S.,Sue S.,,,
5 - maintenance,Online Nurse Educator Master's Program Website,website,https://nurse-educator-masters.online.uconn.edu/,,Elisabeth DeLuca School of Nursing,,Elisabeth DeLuca School of Nursing,Kristin Berghoff,Fee-based Program,Internal,Internal,N,,,Sue,,Sue S.,Sue S.,,,
5 - maintenance,Online Nursing Administration & Leadership Master's & DNP Program Website,website,https://nurse-leader-masters.online.uconn.edu/,,Elisabeth DeLuca School of Nursing,,Elisabeth DeLuca School of Nursing,Denise Bourassa,Schools/Colleges or Academic Department,Internal,Internal,N,,,Sue,,Sue S.,Sue S.,,,
5 - maintenance,Online Nursing Graduate Programs Website,website,https://nursing.online.uconn.edu/,,Elisabeth DeLuca School of Nursing,,Elisabeth DeLuca School of Nursing,Annette Jakubisin-Konicki,,Internal,Internal,N,,,Sue,,Sue S.,Sue S.,,,
5 - maintenance,Personalized Nutrition Online Master's Degree Website,website,https://personalized-nutrition.online.uconn.edu/,,Nutritional Sciences,,"College of Agriculture, Health and Natural Resources",Ji-Young Lee,Fee-based Program,Internal,Internal,N,,,Sue,,Sue S.,Sue S.,,,
5 - maintenance,Plant-Based Food and Nutrition Online Graduate Certificate Website,website,https://plantbasednutrition.online.uconn.edu/,,Nutritional Sciences,,"College of Agriculture, Health and Natural Resources",Ji-Young Lee,Fee-based Program,Internal,Internal,N,,,Sue,,Sue S.,Sue S.,,,
5 - maintenance,Precision Nutrition Online Graduate Certificate Website,website,https://precision.nutrition.online.uconn.edu/,,Nutritional Sciences,,"College of Agriculture, Health and Natural Resources",Ji-Young Lee,Fee-based Program,Internal,Internal,N,,,Sue,,Sue S.,Sue S.,,,
5 - maintenance,Pre-College Summer Website,website,https://precollege-summer.uconn.edu/,,Office of Early College Programs,Pre-College Summer,Institute for Student Success,Bobbi-Jo Wathen,Fee-based Program,Internal,Internal,N,,,Sue,,Sue S.,Sue S.,,,
5 - maintenance,Puppet Arts Online Graduate Certificate Website,website,https://puppetartscert.uconn.edu/,,School of Fine Arts,,School of Fine Arts,"Abigail Baird
",Fee-based Program,Internal,Internal,N,,,Sue,,Sue S.,Sue S.,,,
5 - maintenance,Quantum Science & Technology Certificate Website,website,https://online.uconn.edu/non-credit-programs/quantum-physics/,,UConn Online,,UConn Online,Ruth Kustoff,Fee-based Program,Internal,Internal,N,,,Sue,,Sue S.,Sue S.,,,
5 - maintenance,Remote Sensing & Geospatial Data Analytics Online Graduate Certificate Website,website,https://remotesensing.online.uconn.edu/,,Natural Resources and the Environment,,College of Agriculture and Natural Resources,Chandi Witharana,Fee-based Program,Internal,Internal,N,,,Sue,,Sue S.,Sue S.,,,
5 - maintenance,Winter Session Website,website,https://wintersession.uconn.edu/,,Office of Summer and Winter Programs,,Office of Summer and Winter Programs,Mick Pigot,Fee-based Program,Internal,Internal,N,,,Sue,,Sue S.,Sue S.,,,
5 - maintenance,CT Fresh Ed Compass,webapp,https://ctfreshedcompass.org/,,Rudd Center for Food Policy and Health,,Rudd Center for Food Policy and Health,Marlene Schwartz,,Internal,Core,Y," $215,000.00 ",,Joel,,Joel S.,Joel S.,,,
5 - maintenance,Grant Trails Heatmap,webapp,https://granttrails.core.uconn.edu//,,Center for Open Research Resources and Equipment,,Office of the Vice President for Research,Dan Schwartz,,Internal,Internal,,,,BK,,"Brian K., Natalie L., Joel S.","Brian K., Natalie L., Jack M., Joel S.",,,
5 - maintenance,i3 Timetracker,webapp,https://time.dev.i3.uconn.edu/,,Institutional Insights & Innovation,,Office of the Provost,Sara Sikes,,Internal,Internal,N,,,BK,,"Brian K., Soonwoo K.","Ryan C., Brian K., Soonwoo K.",,,
5 - maintenance,Lincus 2.0,webapp,https://lincus.uconn.edu/,,Office of the Provost,,Office of the Provost,Dan Schwartz,,Internal,Internal,N,,,Maggie,,"Maggie D., Brooke G., Brian K.,  Joel S., Dan S.","Ryan C., Maggie D., Brooke G., Brian K.,  Joel S., Dan S.",,,
5 - maintenance,Research Insights for Faculty (RIF),webapp,https://rif.core.uconn.edu/,,Office of the Vice President for Research,,Office of the Vice President for Research,Jen Lamontagne,,Internal,Internal,,,,BK,,Brian K.,Brian K.,,,
5 - maintenance,Sponsor Management App,webapp,https://sponsors.research.uconn.edu/,,Office of the Vice President for Research,,Office of the Vice President for Research,Jen Lamontagne,,Internal,Internal,,,,BK,,Brian K.,Brian K.,,,
5 - maintenance,Academic Space Usage Tool,,https://space-usage.dev.i3.uconn.edu/,,"University Planning, Design and Construction",,"University Planning, Design and Construction",Maria Groza,,Internal,Internal,,,,Joel,,Joel S.,Joel S.,,,
5 - maintenance,Center for Open Research Resources & Equipment (COR2E) Website,,https://researchresources.center.uconn.edu/,,Center for Open Research Resources and Equipment,,Office of the Vice President for Research,Jeremy Balsbaugh,,Internal,Internal,,,,Natalie,,"Natalie L., Kailey M.","Natalie L., Kailey M.",,,
5 - maintenance,Centers & Institutes Database,,https://centers.dev.i3.uconn.edu/,,Office of the Provost,,Office of the Provost,Alexis Lohrey,,Internal,Internal,N,,,Joel,,Joel S.,Joel S.,,,
5 - maintenance,Charles VR,,,,School of Fine Arts,,School of Fine Arts,Tom Scheinfeldt,,Internal,Core,y," $20,000.00 ",Kress Foundation,Brooke,,"Brooke G., Tom S.","Jonathan A., Clarissa C., Shawn C., Lauren C., Ryan F., Brooke G., Eri L., Tom L., Jin L., Alex M., Rebecca N., Lily P., Brianna R., Kenia R., Melina S., Tom S., Cara T.",,,
5 - maintenance,Clinical Genetics and Genomics Online Graduate Certificate Website,,https://clinicalgeneticscertificate.online.uconn.edu/,,Institute for Systems Genomics,,Institute for Systems Genomics,Lila Aiyar,Fee-based Program,Internal,Internal,N,,,Sue,,Sue S.,Sue S.,,,
5 - maintenance,Early Childhood Intervention Personnel Center (ECIPC) Personnel Standards Map,,https://ecpc-personnel-standards.dev.i3.uconn.edu/,,Early Childhood Intervention Personnel Center,Center for Excellence in Developmental Disabilities,UConn Health,Mary Beth Bruder,,Internal,Core,,,,Joel,,"Joel S., Phoebe L.","Lauren B., Joel S., Phoebe L.",,,
5 - maintenance,Impact Website,,https://impact.uconn.edu,,Institutional Research,,Office of the Provost,Yizhi (Yi) Zhu,,Internal,Internal,,,,Natalie,,"Brian K., Natalie L., Joel S.","Brian K., Natalie L., Joel S.",,,
5 - maintenance,Indoor Air Quality Initiative (AQI) Website,,https://indoorairquality.initiative.uconn.edu/,,UConn Health,,UConn Health,Marina Creed,,Internal,Core,y,,,Natalie,,"Victoria B., Natalie L.","Victoria B., Natalie L.",,,
5 - maintenance,Institutes of Higher Education Early Childhood Programs Website,,https://ecpc-ihe.core.uconn.edu/institutes,,UConn Center for Excellence in Developmental Disabilities,,UConn Health,Mary Beth Bruder,,Internal,Internal,,,,Joel,,"Joel S., Phoebe L.","Joel S., Phoebe L.",,,
5 - maintenance,Natural Resources Conservation Academy (NRCA) Projects Database,,https://nrca.uconn.edu/projects/,,Natural Resources Conservation Academy,Natural Resources and the Environment,"College of Agriculture, Health and Natural Resources",Laura Cisneros,,Internal,Core,,,,Joel,,Joel S.,"Lauren B., Joel S.",,,
5 - maintenance,Nexus,,,,Office of the Provost,,Office of the Provost,Jeff Winston,,Internal,Internal,,,,Jeff,,Jeff W.,Jeff W.,,,
5 - maintenance,Outreach & Engagement Programs and Scholars Databases,,https://database.outreach.engagement.uconn.edu/,,Office of Outreach and Engagement,,Office of the Provost,Chris Ciarcia,,Internal,Internal,N,,,Joel,,"Brian K., Soonwoo K., Joel S.","Brian K., Soonwoo K., Joel S.",,,
5 - maintenance,OVPR Website Phase I,,https://research.uconn.edu,,Office of the Vice President for Research,,Office of the Vice President for Research,Melanie Noble,,Internal,Internal,N,,,Natalie,,Natalie L.,Natalie L.,,,
5 - maintenance,Provost's Commitment Tracker,,,,Office of the Provost,,Office of the Provost,Amanda Pleasent,,Internal,Internal,N,,,Joel,,"Jay K., Joel S.","Jay K., Joel S.",,,
5 - maintenance,Provost's Operational Efficiency Toolkit,,,,Office of the Provost,,Office of the Provost,Dan Schwartz,,Internal,Internal,N,,,Joel,,"Brian K., Aaron M., Joel S.","Brian K., Aaron M., Joel S.",,,
5 - maintenance,Puerto Rican Studies Initiative for Civic Engagement and Public Policy Website,,https://puertoricanstudies.clas.uconn.edu/,,Puerto Rican Studies Initiative for Civic Engagement and Public Policy,,College of Liberal Arts and Sciences,Rob Venator Santiago,,Internal,Core,Y,,,Natalie,,Natalie L.,"Haydn K., Natalie L., Emelia S.",,,
5 - maintenance,Research Finance Hacklog,,,,UConn Health,,UConn Health,Julie Schwager,,Internal,Internal,N,,,Joel,,Joel S.,Joel S.,,,
5 - maintenance,Syllabus Repository,,https://syllabus.uconn.edu/,,Center for Excellence in Teaching and Learning,,Center for Excellence in Teaching and Learning,Gwen Tarbox,,Internal,Internal,N,,,Jeff,,Jeff W.,Jeff W.,,,
5 - maintenance,The Institution Cemetery Project,,,,Digital Media & Design,,School of Fine Arts,Heather Cassano,,Internal,Core,Y," $2,000.00 ",,Natalie,,Natalie L.,"Natalie L., Melina S.",,,
6 - in review,Botanical Conservatory Website,website,,,Ecology & Evolutionary Biology,,College of Liberal Arts and Sciences,Meghan Moriarty,,Internal,Internal,,,,Natalie,,Natalie L.,Natalie L.,,,
6 - in review,EEB Greenhouse Software,webapp,,,Ecology & Evolutionary Biology,,College of Liberal Arts and Sciences,Meghan Moriarty,,Internal,Internal,,,,Joel,,"Joel S., Natalie L.","Lauren B., Brian D., Brian K., Jay K., Jack M., Natalie L., Joel S., Will S.",,,
7 - launched,Extension Publications,website,https://extension.uconn.edu/publications/,,UConn Extension,,"College of Agriculture, Health and Natural Resources",Stacey Stearns,,Internal,Internal,,,,Joel,,Joel S.,Joel S.,,,
7 - launched,Center for Addiction Science and Innovation (CASI) Website,website,https://addiction.center.uconn.edu/,,Center for Addiction Science and Innovation,,Office of the Vice President for Research,Gregory C. Sartor,,Internal,Core,Y,,,Natalie,,,"Natalie L., Kailey M.",,,
7 - launched,Cheney Silk: The Fabric of Life and Labor in a Connecticut Mill Community,website,https://cheneysilk.org/,,Greenhouse Studios,,UConn Library,Greg Colati,,Internal,Core,N,,,Sara,,,"Brooke G., Wes H., Alyssa M., Roya M., Ben P., Arden R., Kenia R., Sara S., Cameron S., Carly W.",,,
7 - launched,Coming Out With Care,website,https://coming-out-guide.sogiecenter.org/,,National SOGIE Center,,National SOGIE Center,Angela Weeks,,Internal,Core,y,,,Natalie,,,"Victoria B., Natalie L.",,,
7 - launched,Connecticut National Estuarine Research Reserve Website,website,https://estuarineresearchreserve.center.uconn.edu/,,Connecticut National Estuarine Research Reserve,,Connecticut National Estuarine Research Reserve,Larissa Graham,,Internal,Core,Y,,,Natalie,,,Natalie L.,,,
7 - launched,Counselor Education Graduate Programs Website,website,https://counseling.education.uconn.edu/,,Educational Psychology,,Neag School of Education,Sara Renzulli,Fee-based Program,Internal,Internal,N,,,Sue,,,Sue S.,,,
7 - launched,COVID Surveillance Testing,website,https://covid-testing.uconn.edu/,,Office of the Vice President for Research,,Office of the Vice President for Research,Dan Schwartz,,Internal,Internal,N,,,Natalie,,,Emily H.,,,
7 - launched,CT Children with Incarcerated Parents (CTCIP) Website,website,https://ctcip.org/,,Institute for Municipal and Regional Policy,School of Public Policy,College of Liberal Arts and Sciences,Valerie Gordon,,Internal,Core,Y,,,Natalie,,,"Natalie L., Kelis C.",,,
7 - launched,Digital Media Connecticut (DMCT) Website,website,https://digitalmediact.com/,,Digital Media Connecticut (DMCT),Digital Media & Design,School of Fine Arts,Matthew Worwood,,Internal,Core,,,,Natalie,,,Natalie L.,,,
7 - launched,Digital Public History Minor Website,website,https://digitalpublichistory.programs.uconn.edu/,,Digital Media & Design,,School of Fine Arts,Clarissa Ceglio,,Internal,Internal,N,,,Brooke,,,"Wes H., Cara T.",,,
7 - launched,Early Modern and Renaissance Studies Website,website,https://earlymodern.initiative.uconn.edu/,,UConn Humanities Institute,,UConn Humanities Institute,Greg Semenza,,Internal,Internal,N,,,Brooke,,,"Brooke G., Wes H., Cara T.",,,
7 - launched,Family Resilience and Mindfulness Empowerment (FRAME) Lab Website,website,https://mindfulnesslab.hdfs.uconn.edu/,,Family Resilience and Mindfulness Empowerment (FRAME) Lab,Human Development and Family Sciences,College of Liberal Arts and Sciences,Na Zhang,,Internal,Core,,,,Natalie,,,"Kelis C., Natalie L.",,,
7 - launched,Global Jerusalem,website,https://globaljerusalem.project.uconn.edu/,,Art and Art History,,School of Fine Arts,Kathryn Moore,,Internal,Core,Y,,,Brooke,,,"Brooke G., Cara T.",,,
7 - launched,Graduate Programs in Business Analytics and Project Management Website,website,https://analytics.business.uconn.edu/,,School of Business,,School of Business,Bill Eyre,Schools/Colleges or Academic Department,Internal,Internal,N,,,Sue,,,Sue S.,,,
7 - launched,Graduate Programs in Supply Chain Management Website,website,https://supplychain.business.uconn.edu/,,School of Business,,School of Business,Bill Eyre,Schools/Colleges or Academic Department,Internal,Internal,N,,,Sue,,,Sue S.,,,
7 - launched,Intraoperative Neuromonitoring and Surgical Neurophysiology Website,website,https://ionm.uconn.edu/,,Physiology and Neurobiology,,College of Liberal Arts and Sciences,Payam Andalib,Schools/Colleges or Academic Department,Internal,Internal,N,,,Sue,,,Sue S.,,,
7 - launched,Master of Engineering Website,website,https://masters.engineering.uconn.edu/,,College of Engineering,Center for Advanced Engineering Education,College of Engineering,Nora Sutton,Schools/Colleges or Academic Department,Internal,Internal,N,,,Sue,,,Sue S.,,,
7 - launched,Master of Science in Quantitative Economics Website,website,https://msqe.econ.uconn.edu/,,Economics,,College of Liberal Arts and Sciences,Oskar Harmon,Schools/Colleges or Academic Department,Internal,Internal,N,,,Sue,,,Sue S.,,,
7 - launched,Provost Website,website,,,Office of the Provost,,Office of the Provost,Melanie Noble,,Internal,Internal,Y,,,Natalie,,Natalie L.,"Lauren B., Natalie L.",,,
7 - launched,UConn Online Website,website,https://online.uconn.edu/,,UConn Online,,UConn Online,,,Internal,Internal,N,,,Sue,,,Sue S.,,,
7 - launched,Academic Efficiency Dashboard,webapp,,,Office of the Provost,,Office of the Provost,Kate Clark,,Internal,Internal,,,,Joel,,,Joel S.,,,
7 - launched,Faculty Travel Funding,webapp,https://facultytravel.hr.uconn.edu/,,Human Resources,,Human Resources,JP Lacombe,,Internal,Internal,,,,Brian Daley,,,Brian D.,,,
7 - launched,FIT Tool,webapp,https://thefittool.com/,,Human Development & Family Sciences,,College of Liberal Arts and Sciences,Margaret Sieger,,Internal,Core,Y,,,BK,,,Brian K.,,,
7 - launched,Pre-Enrollment Course Packages,webapp,,,Office of the Registrar,,Office of the Registrar,Brian Rockwood,,Internal,Internal,,,,BK,,Jay K.,"Brian K., Jay K.",,,
7 - launched,Student Risk Flagging Dashboard,webapp,,,"Diversity, Equity, Inclusion, and Justice",,"Diversity, Equity, Inclusion, and Justice",Jeff Hines,,Internal,Internal,,,,Joel,,Joel S.,Joel S.,,,
7 - launched,Digital Public History Minor Program,program,https://digitalpublichistory.programs.uconn.edu/,,Digital Media & Design,,School of Fine Arts,Tom Scheinfeldt,,Internal,Internal,Y," $35,000.00 ",NEH,Sara,,,"Clarissa C., Wes H., Constance H., Tom S.",,,
7 - launched,Big East Animation Showcase,other,https://animationshowcase.uconn.edu/,,Office of the Provost,,Office of the Provost,Anne D'Alleva,,Internal,Internal,,,,Joel,,,"Brian K., Natalie L., Joel S.",,,
7 - launched,By Our Love,other,https://www.by-our-love.com/,,School of Fine Arts,,School of Fine Arts,Earl MacDonald and Cora Lynn Deibler,,Internal,Core,Y," $9,500.00 ",School of Fine Arts (Research Grant); Office of Undergraduate Research (SHARE),Brian Daley,,,"Brooke G., Tom L., Hal T., Carly W., Miles W.",,,
7 - launched,Caribbean Heritage Museum Illustrations,other,,,Africana Studies Institute,,College of Liberal Arts and Sciences,Fiona Vernal,,Internal,Core,Y," $10,000.00 ",Andrew W. Mellon Foundation,Natalie,,,"Natalie L., Luna G.",,,
7 - launched,Fino,other,https://www.finotype.org/,,"Literature, Cultures, and Languages",,College of Liberal Arts and Sciences,Jacqueline Loss,,Internal,Core,N,,,Brooke,,,"Brooke G., Ryan G.",,,
7 - launched,GLAMGear Scanner,other,https://bibliohack.org/posts/Alianza_con_la_Universidad_de_Connecticut/en.html,,History,,College of Liberal Arts and Sciences,Mark Healey,,Internal,Core,Y," $50,000.00 ",OVPR (SCHARP Breakthrough Award),Sara,,,"Adam S., Tom S.",,,
7 - launched,UConn Summer Posters,graphic design,,,Office of Summer and Winter Programs,,Office of Summer and Winter Programs,Mick Pigot,,Internal,Internal,N,,,Sue,,,Sue S.,,,
7 - launched,Academic Affairs Financial Dashboard,,,,Office of the Provost,,Office of the Provost,Dan Schwartz,Administrative Department,Internal,Internal,N,,,Joel,,Joel S.,Joel S.,,,
7 - launched,Breadwinner Game,,https://breadwinner.netlify.app/,,UConn Extension Financial Education and Literacy,UConn Extension,"College of Agriculture, Health and Natural Resources",Faye Griffiths-Smith,,Internal,Core,,,,Brian Daley,,,"Brian D., Natalie L., Brian K., Haydn K., Joel S.",,,
7 - launched,Connecticut Racial Profiling Prohibition Project,,https://www.ctrp3.org/,,Institute for Municipal and Regional Policy,School of Public Policy,College of Liberal Arts and Sciences,Valerie Gordon,,Internal,Core,Y,,,Natalie,,,Natalie L.,,,
7 - launched,CT Waste Management,,https://ctwaste.dev.i3.uconn.edu/regions/county,,College of Engineering,,College of Engineering,Tina Ryan,,Internal,Core,Y,,,Joel,,,Joel S.,,,
7 - launched,Hartford Bound,,https://hartfordbound.com/#/,,History,,College of Liberal Arts and Sciences,Fiona Vernal,,Internal,Core,Y,,,Brooke,,,"Mackenzie F., James K., Tom L.",,,
7 - launched,Haskins Lab Website,,https://haskins.global.uconn.edu/,,Global Affairs,,Office of the President,Fumiko Hoeft,,Internal,Core,Y,,,Natalie,,,"Natalie L., Kailey M.",,,
7 - launched,Husky ReView,,,,UConn Archives,,UConn Library,Graham Stinnett,,Internal,Core,N," $28,000.00 ",UConn Humanities Institute,Brooke,,,"Brooke G., Wes H., Tom L.",,,
7 - launched,Innovation in Connecticut Poster,,,,Werth Institute for Entrepreneurship and Innovation,,Werth Institute for Entrepreneurship and Innovation,Zeljko Mirkovic,,Internal,Internal,,,,Natalie,,,"Natalie L., Kara R.",,,
7 - launched,Institution Rankings Tool,,,,Office of the Provost,,Office of the Provost,Dan Schwartz,,Internal,Internal,,,,Joel,,,Joel S.,,,
7 - launched,Institutional Research Website,,,,Institutional Research,,Office of the Provost,Lauren Jorgensen,,Internal,Internal,N,,,Joel,,,"Lauren B., Natalie L., Joel S.",,,
7 - launched,LandGrab CT,,https://www.landgrabct.org/#/,,Human Rights Institute,,Human Rights Insitute,Glenn Mitoma,,Internal,Core,Y,,,Brooke,,,"Mackenzie F., Tom L., Carly W.",,,
7 - launched,Leamh,,https://xn--lamh-bpa.org/,,UConn Humanities Institute,,UConn Humanities Institute,Brendan Kane,,Internal,Core,Y," $4,000.00 ",UConn Humanities Institute,Sara,,,"Emmet D. Wes H., Tom L., Tom S.",,,
7 - launched,LGBTQ Services and Support Map,,https://lgbtqfamilyacceptance.org/resource-map/,,National SOGIE Center,,National SOGIE Center,Angela Weeks,,Internal,Core,Y,,,Joel,,,Joel S.,,,
7 - launched,Mansfield Training School Memorial and Museum Website,,https://mansfieldtrainingschool.research.uconn.edu/,,UConn Humanities Institute,,UConn Humanities Institute,Brenda Jo Brueggemann,,Internal,Core,y,,,Natalie,,,"NatalieL., Kailey M.",,,
7 - launched,Natural Resources Conservation Academy (NRCA) Website,,https://nrca.uconn.edu/,,Natural Resources Conservation Academy,Natural Resources and the Environment,"College of Agriculture, Health and Natural Resources",Laurel Pehmoeller,,Internal,Core,,,,Natalie,,,Natalie L.,,,
7 - launched,NetWorkLab,,,,Greenhouse Studios,,UConn Library,Isabell Sluka,,Internal,Core,Y," $249,566.00 ",NEH,Brooke,,,"Clarissa C., Brooke G., Wes H., Constance H., Tom S., Sara S., Isabell S.",,,
7 - launched,New England Thriving Communities Technical Assistance Center (NE TCTAC) Website,,https://thriving-communities-technical-assistance.program.uconn.edu/,,Institute of the Environment and Energy,,Institute of the Environment and Energy,Carolyn A. Lin,,Internal,Core,y,,,Natalie,,,Natalie L.,,,
7 - launched,Okur-Chung Neurodevelopmental Syndrome,,https://okurchung.com/,,Physiology and Neurobiology,,College of Liberal Arts and Sciences,Dan Schwartz,,Internal,Core,y,,,Joel,,,"Joel S., Emelia S.",,,
7 - launched,Pandemic Journaling Project,,https://pandemic-journaling-project.chip.uconn.edu/featured-entries/,,Anthropology,,College of Liberal Arts and Sciences,Sarah Willen,,Internal,Core,,,,Joel,,,Joel S.,,,
7 - launched,Personal Service Agreement App Maintenance,,,,Procurement,,Procurement,Jeremiah Macht,,Internal,Internal,,,,Joel,,,Joel S.,,,
7 - launched,Phyllis Wheatley Papers Website,,,,History,,College of Liberal Arts and Sciences,Cornelia Dayton,,Internal,Core,Y,,,Brooke,,,"Brooke G., Tom L., Cara T.",,,
7 - launched,Physiology & Neurobiology Department Website,,https://pnb.uconn.edu/,,Physiology and Neurobiology,,College of Liberal Arts and Sciences,,,Internal,Internal,N,,,Natalie,,,"Natalie L., Zoe O.",,,
7 - launched,Project ESSY Processing Tool,,https://expanding-school-screening.education.uconn.edu/,,Educational Psychology,,Neag School of Education,Sandy Chafouleas,,Internal,Core,Y,,,Joel,,,"Emma A., Jay K., Shium M., Joel S.",,,
7 - launched,Puerto Rican Research and Data Consortiumfor Public Policy Website,,https://data.puertoricanstudies.clas.uconn.edu/,,Puerto Rican Studies Initiative for Civic Engagement and Public Policy,,College of Liberal Arts and Sciences,Rob Venator Santiago,,Internal,Core,Y,,,Natalie,,,"Natalie L., Emelia S.",,,
7 - launched,Quantum Alliance,,https://quantum.research.uconn.edu/,,Office of the Vice President for Research,,Office of the Vice President for Research,Melanie Noble,,Internal,Core,y,,,Natalie,,,"Natalie L., Kailey M., Lilli H.",,,
7 - launched,Rain Garden,,https://nemo.uconn.edu/raingardens/,,Center for Land Use Education and Research,,"College of Agriculture, Health and Natural Resources",David Dickson,,Internal,Core,,,,Natalie,,,"Harrison B., Brian D., Natalie L., Joel S.",,,
7 - launched,Rankings Slide Deck (Board of Trustees Presentation),,,,Office of the Provost,,Office of the Provost,Dan Schwartz,,Internal,Internal,N,,,Natalie,,,Natalie L.,,,
7 - launched,Shark Week Illustrations,,,,Connecticut State Museum of Natural History,,Connecticut State Museum of Natural History,Janine Caira,,Internal,Core,,,,Natalie,,,"Luna G., Natalie L.",,,
7 - launched,Shipbuilding Initiative Website,,https://shipbuilding.research.uconn.edu/,,National Institute for Undersea Vehicle Technology,,National Institute for Undersea Vehicle Technology,Melanie Noble,,Internal,Core,y,,,Natalie,,,Natalie L.,,,
7 - launched,Strategic Decision-Making Tool,,,,Office of the Provost,,Office of the Provost,Dan Schwartz,,Internal,Internal,,,,Joel,,,Joel S.,,,
7 - launched,Strategic Plan Webpage,,https://strategicplan.uconn.edu/,,Office of the President,,Office of the President,Lauren Jorgensen,,Internal,Internal,N,,,Joel,,,"Natalie L., Joel S.",,,
7 - launched,Student Survey Slide (Board of Trustees Presentation),,,,Office of the President,,Office of the President,,,Internal,Internal,N,,,Natalie,,,Natalie L.,,,
7 - launched,Time Off Request System,,,,Procurement,,Procurement,Jeremiah Macht,,Internal,Internal,,,,Joel,,,Joel S.,,,
7 - launched,Turf Grass Management App,,https://tgmsuite.dev.i3.uconn.edu/home,,Plant Science,Plant Science and Landscape Architecture,"College of Agriculture, Health and Natural Resources",Vickie Wallace,,Internal,Core,,,,Joel,,,"Emma A., Joel S.",,,
7 - launched,UConn Research Annual Report,,,,Office of the Vice President for Research,,Office of the Vice President for Research,Bethany Javidi,,Internal,Internal,,,,Natalie,,,Natalie L.,,,
7 - launched,USDA RMA and FSA Crop Reporting Tool,,https://cropdeadlines.core.uconn.edu/login,,UConn Extension,,"College of Agriculture, Health and Natural Resources",,,Internal,Core,,,USDA RMA Award,Joel,,,"Emma A., Joel S.",,,
7 - launched,Voice Switch/Brain Switch,,https://voiceswitch.sfa.uconn.edu/,,Art and Art History,,School of Fine Arts,Jennifer Scapetis-Tycer,,Internal,Core,Y,,,Natalie,,,"Natalie L., Emily H.",,,
7 - launched,Werth Institute Website,,https://werth.institute.uconn.edu/,,Werth Institute for Entrepreneurship and Innovation,,Werth Institute for Entrepreneurship and Innovation,Michelle Cote,,Internal,Internal,N,,,Natalie,,,Natalie L.,,,
7 - launched,Wi-Fi Traffic Dashboard,,,,Office of the Provost,,Office of the Provost,Dan Schwartz,,Internal,Internal,,,,Joel,,,Joel S.,,,
8 - sunsetted,Belonging Website,website,,,Well-being Collective,,Well-being Collective,Kathryn Roy,,Internal,Core,N,,,Sue,,,Sue S.,,,
8 - sunsetted,Executive MBA Program,website,,,School of Business,,School of Business,Bill Eyre,,Internal,Internal,N,,,Sue,,,Sue S.,,,
8 - sunsetted,Convivio,,,,Greenhouse Studios,,UConn Humanities Institute,Wes Hamrick,,Internal,Core,Y," $28,000.00 ",UConn Humanities Institute,Brooke,,,"Brooke G., Wes H., Tom L., Wenchao L.",,,
8 - sunsetted,Digital Public History Communities & Collaborations Series,,,,UConn Humanities Institute,,UConn Humanities Institute,Clarissa Ceglio,,Internal,Core,Y,,,Brooke,,,"Clarissa C., Constance H., Tom L.",,,
8 - sunsetted,Flusser Vision,,,,German Studies,"Literatures, Cultures and Languages",College of Liberal Arts & Sciences,Anke Finger,,Internal,Core,,,,Sara,,,"Tom L., Wenchao L., Sara S.",,,
8 - sunsetted,Hiring Maps,,,,Agricultural & Resource Economics,,"College of Agriculture, Health and Natural Resources",Nathan Fiala,,Internal,Core,,,,BK,,,Brian K.,,,
8 - sunsetted,Humility & Conviction in Public Life 3,,,,Greenhouse Studios,,UConn Humanities Institute,Hans Asenbaum,,Internal,Core,Y," $28,000.00 ",UConn Humanities Institute,Brooke,,,"Brooke G., Wes H., Alyssa M.",,,
8 - sunsetted,Lincus 1.0,,,,Office of the Provost,,Office of the Provost,Dan Schwartz,,Internal,Internal,N,,,Dan,,,Dan S.,,,
8 - sunsetted,Museums & Civic Discourse,,,,UConn Humanities Institute,,UConn Humanities Institute,Clarissa Ceglio,,Internal,Core,Y," $2,000.00 ",,Brooke,,,"Clarissa C., Brooke G.",,,
8 - sunsetted,Nemrics,,,,National Institute for Undersea Vehicle Technology,,National Institute for Undersea Vehicle Technology,,,Internal,Core,Y,,,Joel,,,"Matt M., Joel S.",,,
8 - sunsetted,PrEP Choices Quiz,,,,Allied Health Sciences,,"College of Agriculture, Health and Natural Resources",Pablo Kokay Valente,,Internal,Core,Y,,,Natalie,,,"Natalie L., Joel S.",,,
8 - sunsetted,Stamford Data Science Initiative,,,,Office of the Vice President for Research,,Office of the Vice President for Research,Dan Schwartz,,Internal,Core,y,,,Natalie,,,Natalie L.,,,
8 - sunsetted,Treehouse,,https://i3.uconn.edu/blog/students-first,,Greenhouse Studios,,UConn Library,Brooke Gemmell,,Internal,Internal,N,,,Brooke,,,"Brooke G., Tom L., Isabell S., Carly W.",,,
2 - discovery phase,Joshua's Trust Website,website,https://joshuastrust.org/,,Joshua's Trust,,Joshua's Trust,Melica Stinnett,,External,Core,,,,Joel,,"Brooke G., Joel S., Sara S.","Brooke G., Joel S., Sara S.",,,
3 - pending approval,Primary Ciliary Dyskinesia (PCD) App,webapp,,,Connecticut Children's Medical Center,,Connecticut Children's Medical Center,Melanie Sue Collins,,External,Core,,,,Sara,,"Brooke G., Joel S., Sara S.","Brooke G., Joel S., Sara S.",,,
4- ongoing,Sing Sing Prison Museum Archive,webapp,,,Sing Sing Prison Museum,,Sing Sing Prison Museum,Amy Huffnagel,,External,Core,,,,Natalie,,"Natalie L., Joel S.","Natalie L., Joel S.",,,
5 - maintenance,Wondercat,,https://wonder-cat.org/,,University of New Haven,,University of New Haven,Mary Isbell,,External,Core,,,,Brian,,Brian D.,Brian D.,,,
7 - launched,Access2Ag.com,website,https://access2ag.com/,,Connecticut Resource Conservation and Development,,Connecticut Resource Conservation and Development,Jocelyn Lahey,,External,Core,N,,,BK,,,Brian K.,,,
7 - launched,Connecticut Remembers the Holocaust,,http://ctremembers.org/,,Voices of Hope,,Voices of Hope,Kathy Fishman,,External,Core,Y,,,Joel,,,"Brian D., Brian K., Natalie L., Joel S.",,,
7 - launched,Greater Hartford Gives Foundation Centennial Timeline,,https://100years.greaterhartfordgives.org/,,Greater Hartford Gives Foundation,,Greater Hartford Gives Foundation,Brad Drazen,,External,Core,Y," $79,060.00 ",Greater Hartford Gives,Sara,,,"Victoria B., Brooke G., Wes H., Brian K., Yuna K., Tom L., Sara S., Joel S.",,,
7 - launched,International Society on Early Intervention Member Database,,https://isei-members.dev.i3.uconn.edu/,,International Society on Early Intervention,,International Society on Early Intervention,Mary Beth Bruder,,External,Core,y,,,Joel,,,Sue S.,,,
8 - sunsetted,TrialMatch Web App,webapp,,,Alzheimer's Association,,Alzheimer's Association,,,External,Core,,,,Joel,,Joel S.,Joel S.,,,
7 - launched,Charitable Food Nutrition Index Calculator,webapp,https://uconnruddcenter.org/cfni/,,Rudd Center for Food Policy and Health,,Rudd Center for Food Policy and Health,Marlene Schwartz,,,Core,Y,,,Joel,,,Joel S.,,,
7 - launched,Environmental Institute Graphic Design,graphic design,,,Institute of the Environment and Energy,,Institute of the Environment and Energy,Margaret Walsh,,,Core,,,,Natalie,,,Natalie L. Lilli H.,,,
7 - launched,WellSAT,,https://www.wellsat.org/,,Rudd Center for Food Policy and Health,,Rudd Center for Food Policy and Health,Marlene Schwartz,,,Core,Y,,,Joel,,,"Denzel A., Ryan C., Natalie L., Joel S.",,,
,Innovate Practice,,,,,,,,,,Core,,,,,,,,,,
,CT AI,,,,,,,,,,Core,,,,,,,,,,
,National Security Institute for Innovation,,,,,,,,,,Core,,,,,,,,,,
,,,,,,,,,,,,,,,,,,,,,
